[
    {
        "title": "Iron rounded pot 'Santino'",
        "id": "1",
        "url": "https://static.sinsay.com/media/catalog/product/4/0/4039O-17X-001-1-685875_2.jpg",
        "price": "$6",
        "category": "Plant pots",
        "brand": "Sinsay",
        "height": "13cm",
        "width": "17.5cm",
        "depth": "12cm",
        "description": "A small-sized, round-shaped yellow iron flower pot with a matte finish. Easily fits into any modern interior."
    },
    {
        "title": "Plastic textured pot 'Lamela'",
        "id": "2",
        "url": "https://static.sinsay.com/media/catalog/product/5/4/5432T-01X-001-1-707476_1.jpg",
        "price": "$2",
        "category": "Plant pots",
        "brand": "Sinsay",
        "height": "15.3cm",
        "width": "14cm",
        "depth": "14cm",
        "description": "A small-sized white textured flower pot with a matte finish. The coating of the pot is matte and embossed - beautiful and practical - it does not scratch, does not break and resembles a wave."
    },
    {
        "title": "Stone pot 'Fusion'",
        "id": "3",
        "url": "https://static.sinsay.com/media/catalog/product/1/7/1746X-01X-001-1-717778_13.jpg",
        "price": "$10",
        "category": "Plant pots",
        "brand": "Sinsay",
        "height": "13cm",
        "width": "13cm",
        "depth": "11cm",
        "description": "A small-sized ivory flower pot made of stone. Noble color, highest quality, perfect size."
    },
    {
        "title": "Ceramic textured pot 'Mika'",
        "id": "4",
        "url": "https://static.reserved.com/media/catalog/product/8/4/8498T-32X-010-1-642895_11.jpg",
        "price": "$5",
        "category": "Plant pots",
        "brand": "Reserved",
        "height": "22.7cm",
        "width": "18cm",
        "depth": "21cm",
        "description": "A medium-sized pink flower pot made of textured ceramics with a matte finish, can be used as a planter. The coating of the pot is matte and embossed - beautiful and practical - it does not scratch, does not break and resembles a wave."
    },
    {
        "title": "Hanging iron pot 'Helga'",
        "id": "5",
        "url": "https://static.reserved.com/media/catalog/product/8/5/8509T-99X-010-1-635565_10.jpg",
        "price": "$9",
        "category": "Plant pots",
        "brand": "Reserved",
        "height": "16cm",
        "width": "14cm",
        "depth": "14.5cm",
        "description": "A small-sized black hanging flower pot made of iron. This is a real decoration for your home."
    },
    {
        "title": "Ceramic pot 'Terraneo Como'",
        "id": "6",
        "url": "https://cdn.27.ua/799/be/8a/1425034_2.jpeg",
        "price": "$10",
        "category": "Plant pots",
        "brand": "Reserved",
        "height": "20cm",
        "width": "26cm",
        "depth": "18cm",
        "description": "A big-zised terracotta ceramic flower pot. It is perfect for use in the decor of your home, apartment or office."
    },
    {
        "title": "Dolomite pot 'Oddvar'",
        "id": "7",
        "url": "https://cdn4.jysk.com/getimage/wd2.large/176100",
        "price": "$6",
        "category": "Plant pots",
        "brand": "JYSK",
        "height": "13cm",
        "width": "12cm",
        "depth": "12cm",
        "description": "A small-sized beige dolomite flower pot. It has an original design and a very beautiful and sophisticated color."
    },
    {
        "title": "Ceramic pot 'Max'",
        "id": "8",
        "url": "https://cdn3.jysk.com/getimage/wd2.large/183493",
        "price": "$6",
        "category": "Plant pots",
        "brand": "JYSK",
        "height": "14cm",
        "width": "15cm",
        "depth": "13cm",
        "description": "A small-sized beige ceramic flower pot. A true decoration of the most beautiful flower."
    },
    {
        "title": "Ceramic pot 'Otto'",
        "id": "9",
        "url": "https://cdn3.jysk.com/getimage/wd2.large/179242",
        "price": "$8",
        "category": "Plant pots",
        "brand": "JYSK",
        "height": "15cm",
        "width": "16cm",
        "depth": "14cm",
        "description": "A small-sized silver ceramic flower pot. This flower bed will highlight the beauty of your flower with its sophistication, technology and at the same time simplicity."
    },
    {
        "title": "Clay pot 'Solvi'",
        "id": "10",
        "url": "https://cdn4.jysk.com/getimage/wd2.large/176650",
        "price": "$32",
        "category": "Plant pots",
        "brand": "JYSK",
        "height": "40cm",
        "width": "25cm",
        "depth": "37cm",
        "description": "A big-sized light green flower pot made of polymer clay. It is perfect for use in the decor of your home, apartment or office."
    },
    {
        "title": "Ceramic Table",
        "id": "cer12345",
        "url": "s",
        "price": "$350",
        "category": "Ceramics",
        "brand": "Ceramico",
        "height": "75cm",
        "width": "1.2m",
        "depth": "80cm",
        "description": "A stylish ceramic table with a unique design. This ceramic table will be a perfect addition to your dining room, providing a beautiful and functional space for family meals and gatherings."
    },
    {
        "title": "Ceramic Chair",
        "id": "cer54321",
        "url": "s",
        "price": "$120",
        "category": "Ceramics",
        "brand": "Ceramico",
        "height": "1.0m",
        "width": "50cm",
        "depth": "60cm",
        "description": "An elegant ceramic chair designed for comfort and style. This ceramic chair is the perfect choice for your home, whether you need extra seating in the living room or a comfortable chair for your bedroom."
    },
    {
        "title": "Ceramic Vase",
        "id": "cer98765",
        "url": "s",
        "price": "$45",
        "category": "Ceramics",
        "brand": "ArtCeramics",
        "height": "30cm",
        "width": "30cm",
        "depth": "30cm",
        "description": "A small ceramic vase with a classic design. This ceramic vase is ideal for displaying your favorite flowers or adding a decorative touch to any room in your home."
    },
    {
        "title": "Ceramic Cabinet",
        "id": "cer23456",
        "url": "s",
        "price": "$580",
        "category": "Ceramics",
        "brand": "Ceramico",
        "height": "2m",
        "width": "3m",
        "depth": "1m",
        "description": "A spacious ceramic cabinet that offers ample storage space for your belongings. This ceramic cabinet features a modern design and is perfect for organizing your home."
    },
    {
        "title": "Ceramic Lamp",
        "id": "cer67890",
        "url": "s",
        "price": "$65",
        "category": "Ceramics",
        "brand": "ArtCeramics",
        "height": "50cm",
        "width": "20cm",
        "depth": "20cm",
        "description": "An elegant ceramic lamp that adds a touch of sophistication to your home. This ceramic lamp provides ambient lighting and complements any interior decor."
    },
    {
        "title": "Ceramic Coffee Table",
        "id": "cer54322",
        "url": "s",
        "price": "$240",
        "category": "Ceramics",
        "brand": "Ceramico",
        "height": "40cm",
        "width": "80cm",
        "depth": "60cm",
        "description": "A stylish ceramic coffee table that enhances your living room decor. This ceramic coffee table is perfect for serving coffee or displaying decorative items."
    },
    {
        "title": "Ceramic Bowl",
        "id": "cer11111",
        "url": "s",
        "price": "$18",
        "category": "Ceramics",
        "brand": "KitchenCeramics",
        "height": "10cm",
        "width": "20cm",
        "depth": "20cm",
        "description": "A durable ceramic bowl designed for your kitchen needs. This ceramic bowl is versatile and suitable for serving salads, soups, and more."
    },
    {
        "title": "Ceramic Bedside Table",
        "id": "cer99999",
        "url": "s",
        "price": "$150",
        "category": "Ceramics",
        "brand": "Ceramico",
        "height": "60cm",
        "width": "40cm",
        "depth": "40cm",
        "description": "A compact ceramic bedside table that complements your bedroom decor. This ceramic bedside table provides a convenient surface for your essentials."
    },
    {
        "title": "Ceramic Plant Pot",
        "id": "cer77777",
        "url": "s",
        "price": "$25",
        "category": "Ceramics",
        "brand": "ArtCeramics",
        "height": "15cm",
        "width": "15cm",
        "depth": "15cm",
        "description": "A small ceramic plant pot for your indoor plants. This ceramic plant pot is perfect for displaying your favorite houseplants and adding a touch of nature to your home."
    },
    {
        "title": "Ceramic Dining Table",
        "id": "cer15321",
        "url": "s",
        "price": "$450",
        "category": "Ceramics",
        "brand": "CeramicCraft",
        "height": "75cm",
        "width": "150cm",
        "depth": "90cm",
        "description": "Upgrade your dining room with this elegant ceramic dining table. Crafted with precision, this ceramic dining table offers a spacious and stylish surface for your family gatherings and dinner parties."
    },
    {
        "title": "Wooden Dining Table",
        "id": "11",
        "url": "WoodenDiningTable.jpg",
        "price": "$299",
        "category": "Tables",
        "brand": "Home Furnishings Inc.",
        "height": "30cm",
        "width": "60cm",
        "depth": "36cm",
        "description": "A sturdy wooden dining table that seats 6 people comfortably."
    },
    {
        "title": "Glass Coffee Table",
        "id": "12",
        "url": "GlassCoffeeTable.jpg",
        "price": "$149",
        "category": "Tables",
        "brand": "Modern Living Designs",
        "height": "18cm",
        "width": "48cm",
        "depth": "24cm",
        "description": "A sleek glass coffee table with a contemporary design."
    },
    {
        "title": "Oak Console Table",
        "id": "13",
        "url": "OakConsoleTable.jpg",
        "price": "$199",
        "category": "Tables",
        "brand": "Rustic Home Decor",
        "height": "32cm",
        "width": "48cm",
        "depth": "12cm",
        "description": "A solid oak console table with a rustic charm."
    },
    {
        "title": "Metal Side Table",
        "id": "14",
        "url": "MetalSideTable.jpg",
        "price": "$79",
        "category": "Tables",
        "brand": "Industrial Accents",
        "height": "24cm",
        "width": "18cm",
        "depth": "18cm",
        "description": "A versatile metal side table for your living space."
    },
    {
        "title": "Marble Dining Table",
        "id": "15",
        "url": "MarbleDiningTable.jpg",
        "price": "$599",
        "category": "Tables",
        "brand": "Luxury Living",
        "height": "30cm",
        "width": "72cm",
        "depth": "42cm",
        "description": "An elegant marble dining table that adds sophistication to your home."
    },
    {
        "title": "Round Coffee Table",
        "id": "16",
        "url": "RoundCoffeeTable.jpg",
        "price": "$129",
        "category": "Tables",
        "brand": "Contemporary Living",
        "height": "16cm",
        "width": "36cm",
        "depth": "36cm",
        "description": "A round coffee table with a minimalist design."
    },
    {
        "title": "Foldable Picnic Table",
        "id": "17",
        "url": "FoldablePicnicTable.jpg",
        "price": "$89",
        "category": "Tables",
        "brand": "Outdoor Essentials",
        "height": "28cm",
        "width": "72cm",
        "depth": "30cm",
        "description": "A convenient foldable picnic table for outdoor gatherings."
    },
    {
        "title": "Glass Top End Table",
        "id": "18",
        "url": "GlassTopEndTable.jpg",
        "price": "$59",
        "category": "Tables",
        "brand": "Modern Accents",
        "height": "22cm",
        "width": "20cm",
        "depth": "20cm",
        "description": "A glass top end table that complements any contemporary decor."
    },
    {
        "title": "Rustic Farmhouse Table",
        "id": "19",
        "url": "RusticFarmhouseTable.jpg",
        "price": "$349",
        "category": "Tables",
        "brand": "Country Home Furnishings",
        "height": "29cm",
        "width": "72cm",
        "depth": "36cm",
        "description": "A charming rustic farmhouse table for family gatherings."
    },
    {
        "title": "Adjustable Height Desk",
        "id": "20",
        "url": "AdjustableHeightDesk.jpg",
        "price": "$249",
        "category": "Tables",
        "brand": "Office Solutions",
        "height": "30cm",
        "width": "60cm",
        "depth": "30cm",
        "description": "An adjustable height desk for a comfortable workspace."
    },
    {
        "title": "Wishbone Dining Chair - Walnut",
        "id": "44810271",
        "url": "WishboneDiningChair_Walnut.jpg",
        "price": "$191",
        "category": "Chairs",
        "brand": "Vitra",
        "height": "86cm",
        "width": "54cm",
        "length": "46cm",
        "description": "Our version of a timeless classic. The Wishbone Dining Chair is perfect for any home and blends effortlessly into countless design schemes. Featuring a clean sculptural frame, inspired by classic Scandinavian design and a natural rope seat. The slender frame, crafted from solid ash wood for durability, has been stained a rich walnut highlighting the wood's natural knots and grains. "
    },
    {
        "title": "Canvas & Walnut Armchair",
        "id": "44810272",
        "url": "Linen_WalnutArmchair.jpg",
        "price": "$455",
        "category": "Chairs",
        "brand": "Palram",
        "height": "85cm",
        "width": "68cm",
        "length": "68cm",
        "description": "Add a subtle touch of texture to your interiors with our Canvas & Walnut Armchair. Upholstered in soft neutral two-tone fabric, sitting on a walnut-stained ash timber frame."
    },
    {
        "title": "Dining chair EJSTRUP blue/steel",
        "id": "44810273",
        "url": "213502.jpg",
        "price": "$235",
        "category": "Chairs",
        "brand": "Palram",
        "height": "54cm",
        "width": "86cm",
        "length": "46cm",
        "description": "A comfy chair that’s sturdy, yet lightweight and stackable too. An easy match with different tables and styles and eager to please, whether it’s in the dining room, in the entrance or by your bed."
    },
    {
        "title": "Curved Walnut Dining Chair",
        "id": "44810274",
        "url": "213523.jpg",
        "price": "$432",
        "category": "Chairs",
        "brand": "Herman Miller",
        "height": "53cm",
        "width": "77cm",
        "length": "53cm",
        "description": "The Curved Walnut Dining Chair – Canvas, represents both luxury and comfort. The plush curves offer a reimagined modern take on 1970’s design. Rich warm walnut is paired with textural off-white Linen creating a show stopping elegant dining chair. The fixed seat is made with the highest quality foam padding and upholstered in Linen, crafted for hours of comfortable dining. The seamlessly curved wooden frame is made from solid ash which has been stained a rich walnut."
    },
    {
        "title": "Dining chair KLOSTER light/gray",
        "id": "44810275",
        "url": "185805.jpg",
        "price": "$355",
        "category": "Chairs",
        "brand": "Herman Miller",
        "height": "58cm",
        "width": "81cm",
        "length": "57cm",
        "description": "A chair made for those lovely dinners with family and friends. Soft padding with good lumbar support and a steady construction so that you sit comfortably – and for long periods."
    },
    {
        "title": "Dining chair KLOSTER gray/black",
        "id": "44810276",
        "url": "156435.jpg",
        "price": "$355",
        "category": "Chairs",
        "brand": "Herman Miller",
        "height": "58cm",
        "width": "81cm",
        "length": "57cm",
        "description": "A chair made for those lovely dinners with family and friends. Soft padding with good lumbar support and a steady construction so that you sit comfortably – and for long periods."
    },
    {
        "title": "Dining chair HVIDOVRE light",
        "id": "44810277",
        "url": "199290.jpg",
        "price": "$234",
        "category": "Chairs",
        "brand": "Vitra",
        "height": "52cm",
        "width": "79cm",
        "length": "51cm",
        "description": "A sturdy chair with a solid wood construction blended with the cosy look and added comfort of the upholstered seat and back. The robust seat cover is removable and washable so it will stay fresh longer."
    },
    {
        "title": "Dining chair HVIDOVRE dark",
        "id": "44810278",
        "url": "185782.jpg",
        "price": "$234",
        "category": "Chairs",
        "brand": "Vitra",
        "height": "52cm",
        "width": "79cm",
        "length": "51cm",
        "description": "A sturdy chair with a solid wood construction blended with the cosy look and added comfort of the upholstered seat and back. The robust seat cover is removable and washable so it will stay fresh longer."
    },
    {
        "title": "Dining chair EJERSLEV",
        "id": "44810279",
        "url": "126827.jpg",
        "price": "$135",
        "category": "Chairs",
        "brand": "Palram",
        "height": "48cm",
        "width": "85cm",
        "length": "56cm",
        "description": "Producer chair in gray offers modern appeal and comfort for all-day activities. The padded seat is shaped to reduce pressure and the backrest has a relaxing flexy feel. The cover is removable for washing."
    },
    {
        "title": "Dining chair TESTRUP",
        "id": "44810280",
        "url": "185834.jpg",
        "price": "$135",
        "category": "Chairs",
        "brand": "Enran",
        "height": "47cm",
        "width": "82cm",
        "length": "57cm",
        "description": "This high-back upholstered chair makes moments around the table more comfortable. To make life simpler, the washable cover comes in one piece and has hook-and-loop straps, so it's easy to remove and put on again."
    },
    {
        "title": "Tray",
        "id": "21",
        "url": "1.png",
        "price": "$11.99",
        "category": "Crockery",
        "brand": "GLATTIS",
        "height": "3cm",
        "width": "38cm",
        "depth": "38cm",
        "description": "A tray for both tasty party treats and beautiful collections. The brass colour gives a feel of everyday luxury and the discreet edge makes the things stay in place where they’re supposed to be."
    },
    {
        "title": "Red wine glass",
        "id": "22",
        "url": "2.png",
        "price": "$3.59",
        "category": "Crockery",
        "brand": "DYRGRIP",
        "height": "21.5cm",
        "width": "6.5cm",
        "depth": "6.5cm",
        "description": "A glass for weekends and special weekdays of the very best kind. DYRGRIP red wine glass has the same benefits as traditional crystal glass but is also lead-free and dishwasher-safe. That’s worth a toast!"
    },
    {
        "title": "Bowl",
        "id": "23",
        "url": "3.png",
        "price": "$9.59",
        "category": "Crockery",
        "brand": "GLADELIG",
        "height": "8cm",
        "width": "11cm",
        "depth": "11cm",
        "description": "This ocean-blue, glazed bowl, with golden-brown details, turns every meal into pure joy. Decorate your table with clean classic shapes and a strong crafted look. A timeless feel with a unique design."
    },
    {
        "title": "Plate",
        "id": "24",
        "url": "4.png",
        "price": "$17.99",
        "category": "Crockery",
        "brand": "GLADELIG",
        "height": "2cm",
        "width": "25cm",
        "depth": "25cm",
        "description": "This ocean-blue, glazed plate, with golden-brown details, turns every meal into pure joy. Decorate your table with clean classic shapes and a strong crafted look. A timeless feel with a unique design."
    },
    {
        "title": "Side plate",
        "id": "25",
        "url": "5.png",
        "price": "$9.59",
        "category": "Crockery",
        "brand": "FÄRGKLAR",
        "height": "1.5cm",
        "width": "20cm",
        "depth": "20cm",
        "description": "Your perfect start for many types of meals. FÄRGKLAR side plate comes in a straightforward design, a great base to match with other dinnerware."
    },
    {
        "title": "Deep plate",
        "id": "26",
        "url": "6.png",
        "price": "$9.59",
        "category": "Crockery",
        "brand": "FÄRGKLAR",
        "height": "5cm",
        "width": "20cm",
        "depth": "20cm",
        "description": "Your perfect start for many types of meals. FÄRGKLAR deep plate comes in a straightforward design, a great base to match with other dinnerware."
    },
    {
        "title": "Insulated tiffin box",
        "id": "27",
        "url": "7.png",
        "price": "$17.99",
        "category": "Crockery",
        "brand": "FÖRSKAFFA",
        "height": "17cm",
        "width": "14cm",
        "depth": "14cm",
        "description": "Be sure to always enjoy warm food for your outdoor adventures – or work lunches. This insulated tiffin box retains the temperature and has 2 tiers so you avoid mixing different food in one container."
    },
    {
        "title": "Jar with lid",
        "id": "28",
        "url": "8.png",
        "price": "$2.39",
        "category": "Crockery",
        "brand": "KORKEN",
        "height": "16.5cm",
        "width": "12cm",
        "depth": "12cm",
        "description": "KORKEN series is ideal for preserving pickles and jams, serving beverages or keeping your cookies crunchy. The airtight seal locks in all the goodness."
    },
    {
        "title": "Mug",
        "id": "29",
        "url": "9.png",
        "price": "$1.29",
        "category": "Crockery",
        "brand": "FÄRGRIK",
        "height": "11cm",
        "width": "6cm",
        "depth": "6cm",
        "description": "Whether dressing your table up or down, the simple, functional design is easy to coordinate with other shapes and colours. FÄRGRIK series is a perfect base for all types of meals and every occasion."
    },
    {
        "title": "Glass",
        "id": "30",
        "url": "10.png",
        "price": "$2.39",
        "category": "Crockery",
        "brand": "DYRGRIP",
        "height": "9cm",
        "width": "7cm",
        "depth": "7cm",
        "description": "A glass for weekends and special weekdays of the very best kind. DYRGRIP water glass has the same benefits as traditional crystal glass but is also lead-free and dishwasher-safe. How refreshing!"
    },
    {
        "title": "Malm",
        "id": "567493",
        "url": "malm-2-drawer-chest-gray-stained.jpg",
        "price": "$79.99",
        "category": "Nightstand",
        "brand": "Ikea",
        "height": "55cm",
        "width": "40cm",
        "length": "48cm",
        "description": "A clean expression that goes with any decor, in the bedroom or wherever you place it. Smooth-running drawers and is available in several colours – here in a warm grey-stained finish."
    },
    {
        "title": "Malm",
        "id": "567494",
        "url": "malm-2-drawer-chest-white.jpg",
        "price": "$79.99",
        "category": "Nightstand",
        "brand": "Ikea",
        "height": "55cm",
        "width": "40cm",
        "length": "48cm",
        "description": "A clean expression that fits right in, in the bedroom or wherever you place it. Smooth-running drawers and in a choice of finishes – pick your favorite."
    },
    {
        "title": "Kullen",
        "id": "567495",
        "url": "kullen-2-drawer-chest-black-brown.jpg",
        "price": "$44.99",
        "category": "Nightstand",
        "brand": "Ikea",
        "height": "49cm",
        "width": "35cm",
        "length": "40cm",
        "description": "A simple chest of drawers with a clean look that fits right in, in the bedroom or wherever you place it. Use it as an extra storage solution for smaller items – works great as a bedside table too."
    },
    {
        "title": "Nordkisa",
        "id": "567496",
        "url": "nordkisa-nightstand-bamboo.jpg",
        "price": "$129",
        "category": "Nightstand",
        "brand": "Ikea",
        "height": "67.5cm",
        "width": "60cm",
        "length": "40cm",
        "description": "A handy companion for storing books, magazines or a glass of water by your bed. If you keep your cell phone charger in the drawer, you can run the cable through the drawer handle on either side."
    },
    {
        "title": "Olderdalen",
        "id": "567497",
        "url": "olderdalen-nightstand-gray-green-pine.jpg",
        "price": "$149",
        "category": "Nightstand",
        "brand": "Ikea",
        "height": "80cm",
        "width": "47cm",
        "length": "43cm",
        "description": "OLDERDALEN bedside table is inspired by traditional Scandinavian craftsmanship. Its generous form supports your pre-sleep rituals – from charging your phone to storing your books and magazines."
    },
    {
        "title": "Lixhult",
        "id": "567498",
        "url": "lixhult-cabinet-metal-anthracite.jpg",
        "price": "$50",
        "category": "Nightstand",
        "brand": "Ikea",
        "height": "82cm",
        "width": "35cm",
        "length": "35cm",
        "description": "Challenge the ordinary! Combine different shapes and sizes, stack and combine, with or without legs, and let loose with a palette of different colours. Have fun!"
    },
    {
        "title": "Idanas",
        "id": "567499",
        "url": "idanaes-nightstand-white.jpg",
        "price": "$199",
        "category": "Nightstand",
        "brand": "Ikea",
        "height": "68cm",
        "width": "47cm",
        "length": "40cm",
        "description": "IDANÄS series has a timeless design with modern functionality. The bedside table with open and closed storage has a hole in the back for cables and matches perfectly with IDANÄS bed frames."
    },
    {
        "title": "Lixhult",
        "id": "567410",
        "url": "lixhult-cabinet-metal-gray.jpg",
        "price": "$100",
        "category": "Nightstand",
        "brand": "Ikea",
        "height": "57cm",
        "width": "60cm",
        "length": "35cm",
        "description": "Everything you need for storing and keeping things organized at home. Choose a ready-made combination or create your own, adapted to your style and belongings. This is just one of many, many possibilities."
    },
    {
        "title": "Tingby",
        "id": "567411",
        "url": "tingby-side-table-on-casters-white.jpg",
        "price": "$69.99",
        "category": "Nightstand",
        "brand": "Ikea",
        "height": "45cm",
        "width": "50cm",
        "length": "50cm",
        "description": "By day and by night, this table is easy to move around as your needs change. A great choice for spaces that serve several purposes such as combined living/sleeping areas or guest/working areas."
    },
    {
        "title": "Malm",
        "id": "567412",
        "url": "malm-2-drawer-chest-white-stained-oak-veneer.jpg",
        "price": "$79.99",
        "category": "Nightstand",
        "brand": "Ikea",
        "height": "55cm",
        "width": "40cm",
        "length": "48cm",
        "description": "A clean expression that fits right in, in the bedroom or wherever you place it. Smooth-running drawers and in a choice of finishes – pick your favorite."
    },
    {
        "title": "Vegetable knife VÖRDA",
        "id": "44810281",
        "url": "0225053_-.jpeg",
        "price": "$35",
        "category": "Cutlery",
        "brand": "IKEA",
        "height": "2cm",
        "width": "7cm",
        "length": "27cm",
        "description": "Small, light and comfortable to hold. This paring knife is the perfect companion to larger knives and is perfect for peeling fruit and vegetables. Small and convenient. You can peel and cut fruits and vegetables. The product can be held firmly in the hands thanks to the well-thought-out design and material of the handle. Made of vanadium/molybdenum stainless steel, thanks to which the knives stay sharp for a long time."
    },
    {
        "title": "Chef's knife Preutz",
        "id": "44810282",
        "url": "0227769_-.jpeg",
        "price": "$47",
        "category": "Cutlery",
        "brand": "IKEA",
        "height": "2cm",
        "width": "7cm",
        "length": "31cm",
        "description": "Made of durable stainless steel and suitable for daily use all year round. For cutting and processing products. The stainless steel knife is very wear-resistant, balanced and easy to care for. Made of vanadium/molybdenum stainless steel, thanks to which the knife stays sharp for a long time. Thanks to the grooves on the handle, the knife is comfortable to hold - it will not slip out of the hand."
    },
    {
        "title": "Block with 3 knife FÖRDUBBLA",
        "id": "44810283",
        "url": "0221793_-.jpeg",
        "price": "$86",
        "category": "Cutlery",
        "brand": "IKEA",
        "height": "2cm",
        "width": "12cm",
        "length": "32cm",
        "description": "These knives are sharp, strong and easy to maintain - these are qualities that good knives should possess. If they are sharpened regularly, they will do their job for a long time. The product can be held firmly in the hands thanks to the well-thought-out design and material of the handle. The set includes: a chef's knife 14 cm (total length 27 cm) and a vegetable paring knife 7 cm (total length 17 cm)."
    },
    {
        "title": "Block with 3 knives JÄMFÖRA ",
        "id": "44810284",
        "url": "0209293_-.jpeg",
        "price": "$128",
        "category": "Cutlery",
        "brand": "JÄMFÖRA",
        "height": "3cm",
        "width": "27cm",
        "length": "40",
        "description": "With a comfortable handle, these knives help you chop and slice without sticking to the blade, as they have a non-stick coating. You can keep them in a knife block to keep them sharp longer. The knife blade has a ceramic non-stick coating. This makes the knife easy to clean and does not stick to the blade when cutting and chopping. The synthetic rubber handle provides a better grip and prevents the knife from slipping out of your hand.The set includes: a chef's knife 19 cm (total length 33 cm), a chef's knife 15 cm (total length 28 cm), a paring knife 8 cm (total length 19 cm) and a knife block."
    },
    {
        "title": "Block with 3 knife VÖRDA",
        "id": "44810285",
        "url": "0120349_-.jpeg",
        "price": "$136",
        "category": "Cutlery",
        "brand": "IKEA",
        "height": "3cm",
        "width": "19cm",
        "length": "38cm",
        "description": "This set of knives is a real master in the kitchen - from chopping onions to slicing a fried chicken fillet or a head of cauliflower baked in the oven. A knife for small jobs is also available in the same series. A set of knives that is ready for any tough job in the kitchen - sharp, well-balanced, with ergonomic handles that provide a good grip. Includes: 1 chef's knife 14 cm (total length 26 cm), 1 chef's knife 17 cm (total length 31 cm) and one utility knife 20 cm (total length 34 cm)."
    },
    {
        "title": "Block with 3 knife 365+",
        "id": "44810286",
        "url": "0120352_-_510.jpeg",
        "price": "$142",
        "category": "Cutlery",
        "brand": "IKEA",
        "height": "2cm",
        "width": "19cm",
        "length": "41cm",
        "description": "The perfect starter kit to help you succeed in the kitchen - every day, all year round. The stainless steel knife is very wear-resistant, balanced and easy to care for. Made of vanadium/molybdenum stainless steel, thanks to which the knife stays sharp for a long time. Thanks to the grooves on the handle, the knife is comfortable to hold - it will not slip out of the hand. Contents: 1 utility knife 14 cm (total length 25 cm), 1 chef's knife 16 cm (total length 29 cm) and 1 chef's knife 20 cm (total length 33 cm)."
    },
    {
        "title": "FÖRSLAG knife set",
        "id": "44810287",
        "url": "0221843_-.jpeg",
        "price": "$76",
        "category": "Cutlery",
        "brand": "IKEA",
        "height": "2cm",
        "width": "16cm",
        "length": "34cm",
        "description": "Two chef's knives and a slicing knife with comfortable handles - the perfect set for those who need good knives to help cut, slice and mince both meat and vegetables. Whether it's meat or vegetables, this knife set will allow you to slice, dice and slice most foods. The set includes: a chef's knife 17 cm (total length 31 cm), a chef's knife 13 cm (total length 27 cm) and a paring knife 8 cm (total length 19 cm)."
    },
    {
        "title": "Bread knife VÖRDA",
        "id": "44810288",
        "url": "0225055_-.jpeg",
        "price": "$26",
        "category": "Cutlery",
        "brand": "IKEA",
        "height": "3cm",
        "width": "9cm",
        "length": "44cm",
        "description": "A knife with a serrated blade that can easily cut bread and soft vegetables such as tomatoes. The product can be held firmly in the hands thanks to the well-thought-out design and material of the handle. Made of vanadium/molybdenum stainless steel, thanks to which the knife stays sharp for a long time."
    },
    {
        "title": "BRILJERA chef's knife",
        "id": "44810289",
        "url": "0196550_-.jpeg",
        "price": "$98",
        "category": "Cutlery",
        "brand": "IKEA",
        "height": "3cm",
        "width": "7cm",
        "length": "34cm",
        "description": "The hard steel core makes the knife very sharp, and the soft steel coating is durable. With a strong blade, which is convenient for processing and cutting meat, root vegetables, etc. The knife blade is made of 67 layers of Damascus steel."
    },
    {
        "title": "Vegetable knife FÖRSLAG",
        "id": "44810290",
        "url": "0221854_-.jpeg",
        "price": "$42",
        "category": "Cutlery",
        "brand": "IKEA",
        "height": "3cm",
        "width": "9cm",
        "length": "37cm",
        "description": "Why is a dedicated vegetable slicer a good idea? The answer is simple - the indentations on the blade prevent carrot circles from sticking when cutting. A small detail that makes a big difference. Thanks to the serrations on the blade of the knife, which allow air to pass through, the products will not stick to the knife during slicing. The product can be held firmly in the hands thanks to the well-thought-out design and material of the handle. Made of vanadium/molybdenum stainless steel, thanks to which the knives stay sharp for a long time."
    }
]